section,speed,round,paints,frames,period_avg_ms,period_p95_ms,physics_ms,ui_ms,qt_dispatch_ms,paintgl_cpu_ms,swap_submit_ms,idle_ms,busy_fraction,paints_per_frame,fps_paintgl,fps_update,ph_paintgl_total,ph_gl_clear,ph_camera,ph_state_prepare,ph_body_prepare,ph_trail_prepare,ph_buffer_upload,ph_draw_call,ph_qpainter,ph_overlay,ph_other,ph_body_pos_conv,ph_body_radius_conv,ph_body_ndc,ph_body_color_conv,ph_body_draw,ph_trail_history_read,ph_trail_sample,ph_trail_numpy_convert,ph_trail_vertex_gen,ph_trail_draw,ph_qpainter_begin,ph_qpainter_scale_bar,ph_qpainter_overlay,ph_qpainter_overlay_recompute,ph_qpainter_overlay_measure,ph_qpainter_overlay_draw,ph_qpainter_end,ph_state_read,ph_paint_event_total
timing,0.1,0,381,130,46.893508461541316,52.36750000040047,1.0425823082466825,0.22283846141922717,3.0332123065398684,24.60681923050568,1.0610446156463764,0.016971603846860278,0.638425850881674,2.9307692307692306,62.439024646076476,62.439024646076476,8.396027558965192,0.1297262468218823,0.459342521085652,0.06108556477184312,0.012041732615099492,0.45630026314153366,0.0,5.2801632542597625,1.8866569555025081,1.66558530203035,0.11071102076691197,0.021328609387862088,0.010124409790218043,0.01017795276022675,0.0019173228248814487,1.2236068238850422,0.04679580044390614,0.011536745502573153,0.45630026314153366,0.42783595893756315,4.05655643037472,0.04106692891424947,0.1714742783957535,1.66558530203035,0.02344461946089427,0.3349490814660175,1.298541469907228,0.008530446162155226,0.0027530188253638275,8.758063779526948
timing,1.0,0,143,123,49.798349593505755,73.73989999905461,8.037696748972412,0.2021178860729371,3.8437097538873077,36.82309349575761,0.38926829296453835,0.0002796056922203369,0.9943600016525456,1.1626016260162602,23.451136482273053,24.271106289345536,31.67301048935795,0.13703076893234156,0.706353148034777,0.19642657352451862,0.012911189177767146,2.9300377613431743,0.0,25.33301328356912,2.142553846392507,1.885109790529603,0.214683918383745,0.02221608451214274,0.01083007022303731,0.010632168246397318,0.002081118954729836,1.2825999985033014,0.17619020996739032,0.018164335122784613,2.9300377613431743,0.6735048952762369,24.050413285065815,0.05419510512342481,0.19391188793856376,1.885109790529603,0.07195314685521009,0.398842657454657,1.4033377625132013,0.0093370628009153,0.0020720284343436622,32.00783566442535
timing,2.0,0,124,107,57.155021495350624,91.2088999975822,16.589301868891845,0.23398504681693755,4.277991589469395,35.322715888095246,0.458242990406748,0.0003049598126041172,0.9946673411610399,1.158878504672897,20.26464945808176,20.754923235293415,30.480085484082192,0.14004435474963695,0.6525903225396648,0.20935725725364812,0.013828225952062395,2.889967743143526,0.0,24.323756452260216,2.0583185485579194,1.8006459676173343,0.19222257962551836,0.022993549669814865,0.01175403268726152,0.010157257718439665,0.002074193264800875,1.2231427427914534,0.19045403185431967,0.01667983838894044,2.889967743143526,0.6194395151514102,23.100613709468764,0.05364274200532706,0.1950991931915914,1.8006459676173343,0.06779838693018386,0.3367951616265571,1.3851338709144094,0.008930645743666607,0.0022233870103880162,30.875504838707368
timing,5.0,0,56,50,122.8573280001001,159.77320000092732,79.219968005782,0.4034220000903588,6.029705992696108,35.852173999883235,0.46434799980488606,0.0003765460017893929,0.9969222900867636,1.12,9.154353216988309,9.644764996469824,32.01086964275289,0.15139999959501438,0.7261821415990458,0.2291053586824481,0.012973212116256556,3.122669644004158,0.0,25.369866068753513,2.18737142729099,1.9243571432525641,0.2113017907114596,0.023400000827678014,0.010637500184072581,0.010123214061812697,0.0023357119321839753,1.2387035710292236,0.20848928475710896,0.01830893052101601,3.122669644004158,0.6926589267095551,24.13116249772429,0.05579464297105525,0.19842499893586915,1.9243571432525641,0.17898392863051932,0.35906785771138466,1.3715624997660467,0.00879464213150121,0.002307143404323142,32.425466071150105
timing,10.0,0,46,43,141.09669999997158,163.33339999982854,98.31052790866315,0.3672325575851489,6.614318599912262,34.32973023239377,0.49854418686536944,0.0003640488401626583,0.997408617368646,1.069767441860465,7.614848510948602,7.945928880989846,32.09083478245505,0.15271086949328688,0.6826608680611294,0.22008043426625512,0.01308260629150976,2.9682413026065384,0.0,25.640689131725356,2.2104086970300516,1.9467000001105075,0.20296087298092047,0.02188478111233765,0.010732607061863351,0.010380434579691728,0.0023499992296464093,1.2004108699013316,0.201280437423797,0.01661521499677885,2.9682413026065384,0.6503956523691,24.440278261824027,0.05442608712853499,0.20035652209037874,1.9467000001105075,0.17213478270644808,0.3519847830276653,1.407941304458528,0.008926087700630254,0.002184781845679264,32.55686521800311

counts,speed,paints,frames,update_calls_per_s,paintgl_calls_per_s,paint_events_per_s,paints_per_frame,gl_calls_per_paint,gl_vertex_per_paint,gl_begin_end,gl_vbo_vao_shader_per_paint,np_calls_per_paint,np_elems_per_paint,qt_objects_per_paint,qcolor_per_paint,qpen_per_paint,qfont_per_paint,qpointf_per_paint,qbrush_per_paint,drawtext_per_paint,drawtext_ms_per_paint,fillrect_per_paint,drawline_per_paint,trail_sample_calls_per_paint,trail_sample_out_per_paint,trail_points_per_paint,body_draws_per_paint,numpy_scalar_per_frame,trail_list_copy_per_frame
counts,0.1,254,87,62.45779027533757,62.45779027533757,62.45779027533757,2.9195402298850577,2894.6771653543306,2830.6771653543306,54.0,0.0,27.0,4401.354330708661,18.0,14.0,3.0,1.0,0.0,0.0,54.0,0.7262220464126156,18.47244094488189,64.0,9.0,1100.3385826771653,1100.3385826771653,9.0,9768.827586206897,26.275862068965516
counts,1.0,88,81,22.531193457707754,21.551576350850894,21.551576350850894,1.0864197530864197,17152.136363636364,17088.136363636364,54.0,0.0,27.0,32916.27272727273,18.0,14.0,3.0,1.0,0.0,0.0,54.0,0.7375681790852634,20.0,64.0,9.0,8229.068181818182,8229.068181818182,9.0,26869.555555555555,9.777777777777779
counts,2.0,68,68,17.61611663278255,16.63744348651685,16.63744348651685,1.0,18694.0,18630.0,54.0,0.0,27.0,36000.0,18.0,14.0,3.0,1.0,0.0,0.0,54.0,0.7571147084758302,20.0,64.0,9.0,9000.0,9000.0,9.0,27045.0,9.0
counts,5.0,34,34,8.490024415366774,8.247452289213438,8.247452289213438,1.0,18694.0,18630.0,54.0,0.0,27.0,36000.0,18.0,14.0,3.0,1.0,0.0,0.0,54.0,0.7689323538215831,20.0,64.0,9.0,9000.0,9000.0,9.0,27045.0,9.0
counts,10.0,27,27,6.514696963317282,6.514696963317282,6.514696963317282,1.0,18694.0,18630.0,54.0,0.0,27.0,36000.0,18.0,14.0,3.0,1.0,0.0,0.0,54.0,0.7416962921356403,21.0,64.0,9.0,9000.0,9000.0,9.0,27045.0,9.0
timing,1.0,0,126,43,46.87922790668212,49.16399999638088,4.885623246420521,0.1725674421407369,3.698897680002373,11.685111624226623,0.8086046558631541,0.025782234886211754,0.45182715935040474,2.9302325581395348,62.301577510579136,62.79603447494881,3.987776189220197,0.10446349291929177,0.020286508111490145,0.0012126981764883987,0.005164292007167306,0.0,0.0,2.5469436463142285,1.2778333320821975,1.0996642864368382,0.031872219609333285,0.013839677743066752,0.00392540084523341,0.006446830368423391,0.0012388911619338962,0.7542801553398253,,,,,1.7926634909744035,0.029283332719748454,0.14356587295575687,1.0996642864368382,0.01867698382637981,0.21838254063382803,0.857835712229153,0.005319839969853915,0.0012126981764883987,4.26372857177667

counts,speed,paints,frames,update_calls_per_s,paintgl_calls_per_s,paint_events_per_s,paints_per_frame,gl_calls_per_paint,gl_vertex_per_paint,gl_begin_end,gl_vbo_vao_shader_per_paint,np_calls_per_paint,np_elems_per_paint,qt_objects_per_paint,qcolor_per_paint,qpen_per_paint,qfont_per_paint,qpointf_per_paint,qbrush_per_paint,drawtext_per_paint,drawtext_ms_per_paint,fillrect_per_paint,drawline_per_paint,trail_sample_calls_per_paint,trail_sample_out_per_paint,trail_points_per_paint,body_draws_per_paint,numpy_scalar_per_frame,trail_list_copy_per_frame
counts,1.0,61,21,54.09315707054964,54.994709688392135,54.994709688392135,2.9047619047619047,673.0,630.0,36.0,5.0,0.0,0.0,18.0,14.0,3.0,1.0,0.0,0.0,54.0,0.45820327473758554,21.0,64.0,0.0,0.0,0.0,9.0,130.71428571428572,0.0
timing,1.0,0,119,119,17.07972605035742,19.264400005340576,1.5772915955930322,0.056385714414005146,1.420058826808309,2.728508403837806,0.2662554618554237,0.010942275627827304,0.3559872800456142,1.0,58.85546497445165,59.350048713732754,2.728508403837806,0.10521428785756418,0.0,0.0010546225420504558,0.0,0.0,0.0,1.3348151271294082,1.2735159673430652,1.0970487391885306,0.01390839896571805,,,,,0.30295882460136875,,,,,1.0318563025280394,0.028040336382364025,0.14295042081571677,1.0970487391885306,0.019134454206101784,0.2209823505225114,0.8516630259080312,0.0054764709564536305,0.0010546225420504558,2.99476386569323

counts,speed,paints,frames,update_calls_per_s,paintgl_calls_per_s,paint_events_per_s,paints_per_frame,gl_calls_per_paint,gl_vertex_per_paint,gl_begin_end,gl_vbo_vao_shader_per_paint,np_calls_per_paint,np_elems_per_paint,qt_objects_per_paint,qcolor_per_paint,qpen_per_paint,qfont_per_paint,qpointf_per_paint,qbrush_per_paint,drawtext_per_paint,drawtext_ms_per_paint,fillrect_per_paint,drawline_per_paint,trail_sample_calls_per_paint,trail_sample_out_per_paint,trail_points_per_paint,body_draws_per_paint,numpy_scalar_per_frame,trail_list_copy_per_frame
counts,1.0,68,68,62.41284000977524,62.41284000977524,62.41284000977524,1.0,10.455882352941176,0.0,0.0,8.455882352941176,0.0,0.0,18.0,14.0,3.0,1.0,0.0,0.0,54.0,0.4701985214042532,21.0,64.0,0.0,0.0,0.0,0.0,0.0,0.0
timing,1.0,0,254,254,16.002617716467498,18.687799980398268,1.4670921265473955,0.05206653543960626,1.1597724400431386,2.7307846454406657,0.31243543372962507,0.010282839369991295,0.35752293404349195,1.0,62.48051173798039,62.48051173798039,2.7307846454406657,0.10187716583545342,0.0,0.0009129925467821909,0.0,0.0,0.0,1.5466984262411285,1.0686964579210727,0.8836192912816283,0.012599602896228745,,,,,0.26713425291731485,,,,,1.2795641733238137,0.030389763955686856,0.1492488196148999,0.8836192912816283,0.018273228270691035,0.21563818945006769,0.6447736208013618,0.005438583068857629,0.0009129925467821909,3.0432200791702906
timing,5.0,0,231,231,17.581005194814054,31.41300001880154,8.842971427008324,0.057198701540282344,1.664067100727471,3.450209957253172,0.43520043141438397,0.0031268008668640895,0.8221028059470176,1.0,56.894315189121066,58.61838534636716,3.450209957253172,0.10532900492975174,0.0,0.0012099579857557496,0.0,0.0,0.0,1.9719463209137804,1.3564030311747708,1.1612887443113846,0.015321642249113587,,,,,0.28842510867186566,,,,,1.6835212122419148,0.037156710415288355,0.15163636419647958,1.1612887443113846,0.022782683846222247,0.23689956665825243,0.8953432910329787,0.006321212251618247,0.0012099579857557496,3.8854103886675557
timing,10.0,0,54,54,76.5238740741215,124.4038000004366,62.74143704407228,0.22892407098509096,3.735035174974689,4.192220367797375,0.6540944482872469,0.003927725931000033,0.9479629673301804,1.0,13.248641474475413,18.155545724281122,4.192220367797375,0.1154148129798058,0.0,0.001077777900112172,0.0,0.0,0.0,2.869083332134997,1.192709260201944,0.9962814839565437,0.013935184580515347,,,,,0.2383203693036059,,,,,2.6307629628313913,0.03676666636709814,0.15386111260374524,0.9962814839565437,0.07759259325986798,0.2233407447218067,0.6882629628914098,0.005799997274556922,0.001077777900112172,4.846314816084622

counts,speed,paints,frames,update_calls_per_s,paintgl_calls_per_s,paint_events_per_s,paints_per_frame,gl_calls_per_paint,gl_vertex_per_paint,gl_begin_end,gl_vbo_vao_shader_per_paint,np_calls_per_paint,np_elems_per_paint,qt_objects_per_paint,qcolor_per_paint,qpen_per_paint,qfont_per_paint,qpointf_per_paint,qbrush_per_paint,drawtext_per_paint,drawtext_ms_per_paint,fillrect_per_paint,drawline_per_paint,trail_sample_calls_per_paint,trail_sample_out_per_paint,trail_points_per_paint,body_draws_per_paint,numpy_scalar_per_frame,trail_list_copy_per_frame
counts,1.0,128,128,62.26491012987952,62.755185012791955,62.755185012791955,1.0,32.453125,0.0,0.0,8.453125,0.0,0.0,18.0,14.0,3.0,1.0,0.0,0.0,54.0,0.4713015630386508,21.0,64.0,0.0,0.0,0.0,0.0,0.0,0.0
counts,5.0,120,120,61.08259741535279,59.1121910471156,59.1121910471156,1.0,32.55,0.0,0.0,8.55,0.0,0.0,18.0,14.0,3.0,1.0,0.0,0.0,54.0,0.47683917194566067,21.0,64.0,0.0,0.0,0.0,0.0,0.0,0.0
counts,10.0,42,42,30.550972235964075,20.367314823976052,20.367314823976052,1.0,33.714285714285715,0.0,0.0,9.714285714285714,0.0,0.0,18.0,14.0,3.0,1.0,0.0,0.0,54.0,0.3597452582436658,21.0,64.0,0.0,0.0,0.0,0.0,0.0,0.0
timing,1.0,0,250,250,16.263295600074343,18.479200021829456,0.9175880037946627,0.05216320033650845,1.732520397985354,2.949748400016688,0.3108107990119606,0.010289611198939383,0.3668882990700198,1.0,61.529215117014246,61.28309825654619,2.949748400016688,0.10570679954253137,0.0,0.0010136001510545611,0.0,0.0,0.0,1.6472900009248406,1.1827987994765863,0.9950695992447436,0.012939199921675026,,,,,0.2778579998994246,,,,,1.369432001025416,0.033159598940983415,0.1487239997368306,0.9950695992447436,0.01886239997111261,0.2207739995792508,0.7502344003878534,0.00584560155402869,0.0010136001510545611,3.2605591990286484
timing,5.0,0,254,254,15.993630314978228,23.863399983383715,3.7354149616884404,0.04807952757077805,1.4113838581357327,2.7901322836850175,0.494453541780492,0.007498953937287956,0.5306823312800205,1.0,62.584418126151505,62.830813473104854,2.7901322836850175,0.10237362218368065,0.0,0.000883859039584952,0.0,0.0,0.0,1.5994889781293349,1.0752543312264606,0.8924732281043612,0.012131493105956181,,,,,0.2646956702338634,,,,,1.3347933078954715,0.0298039381086137,0.14761929110601896,0.8924732281043612,0.018411810971855177,0.2190433066763629,0.650160630507666,0.005357873907466749,0.000883859039584952,3.2845858254655096
timing,10.0,0,252,252,16.10607380950121,28.459199995268136,7.38001031808496,0.04796587318340908,1.3337662702912303,2.7512773814369065,0.28899206286979956,0.0043272749989271345,0.7317131858048158,1.0,61.999021153428146,62.737104738588,2.7512773814369065,0.09317222279533448,0.0,0.0008142857936151799,0.0,0.0,0.0,1.5930682525827757,1.052898016438583,0.8862313492471234,0.011324603826598167,,,,,0.2538623011787422,,,,,1.3392059514040335,0.02649325439946667,0.13531071488701163,0.8862313492471234,0.0191222219626301,0.21893690462179838,0.6435686500192369,0.004862697904981259,0.0008142857936151799,3.0402694443067064

counts,speed,paints,frames,update_calls_per_s,paintgl_calls_per_s,paint_events_per_s,paints_per_frame,gl_calls_per_paint,gl_vertex_per_paint,gl_begin_end,gl_vbo_vao_shader_per_paint,np_calls_per_paint,np_elems_per_paint,qt_objects_per_paint,qcolor_per_paint,qpen_per_paint,qfont_per_paint,qpointf_per_paint,qbrush_per_paint,drawtext_per_paint,drawtext_ms_per_paint,fillrect_per_paint,drawline_per_paint,trail_sample_calls_per_paint,trail_sample_out_per_paint,trail_points_per_paint,body_draws_per_paint,numpy_scalar_per_frame,trail_list_copy_per_frame
counts,1.0,127,127,62.07780013674363,62.57048109020985,62.57048109020985,1.0,32.44094488188976,0.0,0.0,8.440944881889763,0.0,0.0,18.0,14.0,3.0,1.0,0.0,0.0,54.0,0.35143621686633353,20.0,64.0,0.0,0.0,0.0,0.0,0.0,0.0
counts,5.0,127,127,62.515828934393916,62.515828934393916,62.515828934393916,1.0,32.46456692913386,0.0,0.0,8.464566929133857,0.0,0.0,18.0,14.0,3.0,1.0,0.0,0.0,54.0,0.35618425105830404,20.330708661417322,64.0,0.0,0.0,0.0,0.0,0.0,0.0
counts,10.0,125,125,61.683748212223904,61.683748212223904,61.683748212223904,1.0,32.488,0.0,0.0,8.488,0.0,0.0,18.0,14.0,3.0,1.0,0.0,0.0,54.0,0.35969199682585895,21.0,64.0,0.0,0.0,0.0,0.0,0.0,0.0
